was,1148
are,436
had,255
be,184
have,180
is,172
were,168
did,143
do,142
's,113
get,92
being,85
got,83
made,76
know,70
make,64
went,60
said,60
go,59
been,56
felt,56
told,55
saw,54
wanted,52
knew,52
looked,50
take,42
came,42
see,40
took,38
think,38
want,38
thought,34
afford,34
work,32
looking,32
like,30
play,30
loved,30
called,29
care,28
known,28
spent,28
found,26
going,26
has,25
'm,24
getting,24
feel,24
decided,24
're,24
love,22
put,22
hated,22
look,22
find,22
help,22
need,22
let,21
working,21
drive,20
ran,20
shot,20
picked,20
read,20
buy,18
doing,18
try,18
understand,18
having,18
believe,18
allowed,17
stole,17
started,16
asked,16
became,16
taking,16
use,16
turned,16
heard,16
live,16
kept,16
learned,15
used,15
stand,14
coming,14
steal,14
worked,14
broke,14
met,14
left,14
walked,14
become,14
hire,14
cried,14
stay,14
laughed,14
figure,12
say,12
playing,12
done,12
commit,12
lived,12
tell,12
stopped,12
leave,12
come,12
trying,12
eating,12
follow,12
needed,11
sitting,11
acting,11
grabbed,10
listen,10
gave,10
tend,10
give,10
breaking,10
raised,10
watched,10
seen,10
run,10
beat,10
waiting,10
living,10
won,10
wants,10
opened,10
stop,10
noticed,10
pushed,10
pay,10
show,10
does,10
screamed,10
am,10
lost,10
calling,10
call,9
learn,9
stealing,9
considered,9
tried,8
loves,8
move,8
struggled,8
knowing,8
woke,8
comes,8
jumped,8
wished,8
arrived,8
trust,8
born,8
showed,8
liked,8
walking,8
avoid,8
serve,8
figured,8
swim,8
wear,8
ride,8
ask,8
apply,8
collected,8
selling,8
thinking,8
defend,8
sit,8
treat,8
filled,8
knows,8
fix,8
hold,8
held,8
cared,8
played,8
wearing,8
keeping,8
ate,8
fighting,7
arrested,7
stolen,7
given,7
growing,6
attacked,6
feeling,6
reading,6
sighed,6
wait,6
keep,6
injured,6
saying,6
stuck,6
robbed,6
owned,6
grew,6
driving,6
cause,6
fired,6
enter,6
eat,6
dropped,6
appeared,6
fell,6
visit,6
drink,6
pick,6
using,6
control,6
caught,6
Do,6
study,6
shoot,6
jump,6
hurt,6
paying,6
hit,6
lose,6
teach,6
engage,6
killed,6
enjoyed,6
running,6
cut,6
moved,6
treated,6
draw,6
expected,6
spend,6
drove,6
wore,6
ignored,6
refused,6
realized,6
end,6
cooking,6
watching,6
sell,6
telling,6
began,6
expect,6
talking,6
dreamed,6
marry,6
protect,6
crying,6
deal,6
carry,6
hate,6
helped,5
worry,5
change,5
meet,5
Being,5
challenged,5
stick,4
turning,4
muttered,4
showing,4
dance,4
building,4
cook,4
build,4
dominate,4
allow,4
abandoned,4
quit,4
built,4
practicing,4
murdered,4
leaving,4
earn,4
hid,4
dealing,4
inviting,4
ordered,4
â€™s,4
finished,4
bother,4
married,4
tackled,4
clutched,4
burning,4
cooked,4
complete,4
fearing,4
mowed,4
host,4
beaten,4
buying,4
wondered,4
marrying,4
turn,4
lock,4
fried,4
traveling,4
pulled,4
wish,4
received,4
ignore,4
stepped,4
sleeping,4
headed,4
belonged,4
've,4
shouted,4
works,4
stabbed,4
sneaked,4
sold,4
dated,4
speak,4
catch,4
continue,4
forgot,4
suspected,4
sat,4
paid,4
shopping,4
followed,4
failed,4
talk,4
respond,4
fought,4
explained,4
offering,4
making,4
promised,4
start,4
stated,4
handle,4
asking,4
bring,4
offered,4
liking,4
wash,4
served,4
hosted,4
smelled,4
beg,4
clean,4
laid,4
begin,4
stayed,4
deserve,4
watch,4
broken,4
helping,4
shocked,4
bought,4
putting,4
swung,4
insisted,4
win,4
learning,4
lifted,4
plowing,4
looks,4
raise,4
gossiping,4
dressed,4
punched,4
becoming,4
hunt,4
relied,4
escape,4
feared,4
flirt,4
complain,4
burst,4
faking,4
save,4
slept,4
missed,4
hurting,4
stare,4
seem,4
wake,4
smell,4
screaming,4
giving,4
pretended,4
pronounce,4
hide,4
molest,4
performed,4
admit,4
imagined,4
Is,4
needs,4
kiss,4
surprised,4
makes,4
missing,4
singled,4
fit,4
warned,4
passed,4
sleep,4
remembering,4
handling,4
didnt,3
cheered,3
worried,3
challenge,3
waste,3
sprawled,2
slanted,2
forced,2
interpret,2
examine,2
squealing,2
cares,2
punching,2
kicking,2
says,2
marginalized,2
wishes,2
vote,2
honored,2
decipher,2
reported,2
own,2
spare,2
understanding,2
admitted,2
write,2
convicted,2
dancing,2
admired,2
tick,2
awoke,2
induced,2
flew,2
registered,2
rot,2
satisfy,2
directing,2
fitted,2
shoplift,2
increasing,2
choose,2
oppressing,2
rob,2
trim,2
avoided,2
'd,2
excited,2
slamming,2
ordering,2
spoken,2
named,2
score,2
discovered,2
recovering,2
step,2
reared,2
takes,2
hear,2
tampered,2
approve,2
sing,2
preparing,2
appeal,2
recognize,2
designed,2
destined,2
collaborating,2
smoke,2
disrespect,2
rotate,2
planned,2
searching,2
bargain,2
knock,2
cherished,2
hidden,2
setting,2
raining,2
shown,2
raises,2
gaining,2
protesting,2
accused,2
provide,2
escorting,2
claimed,2
faints,2
indulged,2
rinsing,2
sued,2
contacted,2
gathered,2
wandered,2
passing,2
sip,2
matched,2
cleared,2
installed,2
hang,2
inject,2
retire,2
announced,2
robbing,2
stitched,2
camp,2
aligned,2
oppressed,2
humiliated,2
flagged,2
approached,2
tied,2
looting,2
starting,2
breed,2
fight,2
listening,2
annoying,2
kayak,2
studying,2
assumed,2
letting,2
marked,2
chained,2
cap,2
changed,2
threw,2
begun,2
jogging,2
buys,2
investigated,2
serving,2
spends,2
communicate,2
prepared,2
escaping,2
blamed,2
proclaimed,2
marries,2
contributed,2
mooching,2
Sounds,2
pack,2
abused,2
burglarized,2
Realizing,2
looted,2
participating,2
swimming,2
Saw,2
messing,2
perfect,2
smiled,2
shaped,2
eaten,2
enlisted,2
graduated,2
shows,2
slapped,2
happen,2
lurked,2
sent,2
spinning,2
backed,2
voiced,2
waited,2
taken,2
cursed,2
cheating,2
occupying,2
planning,2
Sneaking,2
creeping,2
drying,2
charged,2
grab,2
hustle,2
drank,2
wept,2
handed,2
merged,2
mailing,2
chased,2
yelling,2
loitering,2
rooted,2
hoard,2
likes,2
purchase,2
discarded,2
chose,2
preyed,2
forgotten,2
consulting,2
reason,2
stricken,2
pleaded,2
gated,2
feels,2
mow,2
achieve,2
Suck,2
helps,2
dumpster,2
ended,2
scared,2
mugged,2
pop,2
Growing,2
act,2
practiced,2
continued,2
evicted,2
fool,2
blackmailed,2
stalking,2
advance,2
snapped,2
managing,2
viewed,2
educated,2
misrepresented,2
tricked,2
scuba,2
travel,2
providing,2
associated,2
stimulating,2
bake,2
bound,2
towering,2
looming,2
infested,2
propose,2
dumped,2
golfing,2
produce,2
plans,2
solve,2
pooled,2
denied,2
reminded,2
roamed,2
counted,2
skip,2
adored,2
slammed,2
qualified,2
relinquished,2
trick,2
lack,2
imbibing,2
saving,2
created,2
respected,2
elected,2
checked,2
addressed,2
grimaced,2
deployed,2
park,2
greeted,2
sweep,2
slashed,2
reveal,2
experience,2
digging,2
popped,2
fixed,2
promoted,2
sign,2
cowered,2
wrestling,2
bawled,2
throw,2
confronted,2
shrieked,2
repaired,2
appear,2
disturb,2
crawling,2
walk,2
shirk,2
dictate,2
operated,2
riding,2
balled,2
listened,2
terrified,2
decide,2
recognized,2
cleaned,2
imaging,2
throwing,2
complaining,2
tossed,2
purchased,2
paddle,2
appreciate,2
hitchhiking,2
hitch,2
slaughtered,2
fulfill,2
displayed,2
gutted,2
frowned,2
knelt,2
set,2
talked,2
spending,2
hired,2
cornered,2
sensed,2
brushed,2
rescuing,2
matching,2
trained,2
decorated,2
clung,2
raped,2
inspired,2
competing,2
winning,2
encountered,2
protecting,2
knows.,2
claims,2
faced,2
prefer,2
pursuing,2
deliver,2
wander,2
date,2
back,2
dating,2
carried,2
formed,2
poured,2
participated,2
bristled,2
demanded,2
loses,2
cry,2
fainted,2
carrying,2
cat,2
brag,2
confirmed,2
mudding,2
wasnt,2
realizing,2
stopping,2
declined,2
valued,2
devastated,2
deferred,2
instigate,2
freaked,2
finding,2
swallowing,2
washed,2
seeing,2
introduce,2
buzz,2
behaving,2
slip,2
place,2
nagging,2
locked,2
amused,2
twirled,2
causing,2
Surviving,2
enlist,2
Learning,2
associate,2
crush,2
catered,2
fantasize,2
process,2
spell,2
berating,2
torture,2
contracted,2
contribute,2
exist,2
tuck,2
die,2
sentenced,2
defeated,2
chosen,2
cancelled,2
shooting,2
raping,2
spread,2
miss,2
scammed,2
entered,2
orchestrated,2
driven,2
notice,2
adjusted,2
apprehend,2
reached,2
scored,2
clapped,2
cleansed,2
Be,2
lurking,2
drinking,2
meeting,2
bowed,2
touching,2
banned,2
speaking,2
suck,2
praying,2
surrounded,2
kill,2
contracting,2
staffed,2
curse,2
cease,2
swallow,2
spit,2
attract,2
painted,2
benefit,2
pretend,2
shook,2
ruined,2
turns,2
scamming,2
burned,2
scoffed,2
damn,2
needing,2
congregating,2
caused,2
announcing,2
staying,2
beheaded,2
failing,2
goin,2
trot,2
arguing,2
standing,2
renting,2
bet,2
wondering,2
stares,2
freeze,2
chides,2
accepted,2
hovering,2
stink,2
imagine,2
upset,2
highlighting,2
smoked,2
supported,2
complained,2
spooked,2
attend,2
disobeyed,2
beginning,2
responding,2
insisting,2
holding,2
disregard,2
march,2
bending,2
suggested,2
arrives,2
greet,2
force,2
prancing,2
flirting,2
agree,2
disowned,2
drawn,2
drew,2
agreed,2
adopt,2
corrupt,2
distracted,2
laying,2
wrote,2
solved,2
thinks,2
thrown,2
film,2
promote,2
hoping,2
threatened,2
proceeded,2
floored,2
shaving,2
gorged,2
regretted,2
snacking,2
commanded,2
load,2
staring,2
offer,2
glanced,2
bent,2
exposed,2
peeked,2
stops,2
stocking,2
pull,2
intimidated,2
kicked,2
goes,2
gorging,2
tear,2
delivering,2
require,2
invite,2
brought,2
dressing,2
stoning,2
abusing,2
pass,2
sees,2
collect,2
reflected,2
hoped,2
luring,2
trusted,2
supporting,2
worship,2
trapped,2
lie,2
Stealing,2
encouraged,2
clear,2
cheat,2
scare,2
dominating,2
controlling,2
test,2
chatting,2
counting,2
flinging,2
Enforcing,2
requested,2
constructed,2
hates,2
poison,2
create,2
worshiping,2
exploit,2
states,2
return,2
carved,2
collecting,2
arrest,2
seemed,2
groped,2
crafting,2
manipulating,2
conspiring,2
cast,2
investigate,2
cover,2
adding,2
reads,2
steered,2
spoiled,2
revealing,2
glare,2
losing,2
citing,2
ponder,2
bankrupt,2
slows,2
edit,2
chewing,2
dare,2
disagree,2
amazed,2
stomach,2
chalking,2
sending,2
squeezed,2
saved,2
knitting,2
gift,2
assigned,2
stood,2
slouched,2
waking,2
blushing,2
calls,2
nearing,2
fishing,2
apprehending,2
hobbled,2
disgusted,2
recall,2
taught,2
belonging,2
returning,1
exited,1
involved,1
concerned,1
bothered,1
pickpocketing,1
yelled,1
skipped,1
attended,1
hassled,1
suspended,1
drop,1
over-educate,1
developed,1
develop,1
pretending,1
praised,1
teased,1
advanced,1
slaughter,1
butcher,1
travelling,1
disabled,1
abled,1
demented,1
retarded,1
Begin,1
pierced,1
bulging,1
fat,1
tall,1
quake,1
pestered,1
discriminated,1
bullied,1
