Tom,31
Joe,18
Mary,16
James,15
John,14
Jamal,12
Carl,12
Tyrone,12
Susan,12
Bill,12
Adam,11
Sarah,11
Tim,10
Ca'daan,9
Steve,9
Josh,9
Mark,9
Jerome,8
Sam,8
Jack,8
Mike,8
Jane,8
Ron,8
Jon,8
Kate,7
Matt,7
Jenny,7
Susie,7
Billy,7
Lisa,7
Jim,7
Shaniqua,6
Gary,6
Jose,6
Drew,6
Tony,6
Tommy,6
Julie,6
Jacob,5
William,5
George,5
Jeff,5
Bob,5
LeBron,5
Andy,5
Jake,5
Julius,5
Martha,5
Marie,5
Cynthia,5
Brad,5
Kim,5
Jason,4
Timmy,4
Micheal,4
Fred,4
Laquisha,4
Dan,4
"Carl,",4
Vince,4
Johnny,4
Adrin,4
Phoebe,4
Alan,4
Tuppence,4
Kelsi,4
Anita,4
Heather,4
Jones,4
Kevin,4
Sally,4
Cazar,4
"Jamal,",3
"John,",3
Lucy,3
Jeremy,3
Cathy,3
Paul,3
Brian,3
DeShawn,3
Emily,3
Thomas,3
Shelly,3
"James,",3
David,3
Liz,3
Ben,3
Tammy,3
Camille,3
Carrie,3
Eric,3
Megan,3
Shannon,3
Scott,3
Jamie,3
Sara,3
Jennifer,3
Sharon,3
Naomi,3
"Mary,",3
Joyce,3
Ravens,2
sharon,2
Ben's,2
Ruby,2
Daniel,2
Val,2
Joseph,2
"Tuppence,",2
Juan,2
Kurt,2
Kia,2
Terrance,2
Kwame,2
Terrell,2
Joanne,2
Cal,2
Kirby,2
Eddie,2
Wright,2
"Kyle,",2
Chen Wu,2
Marcus,2
Mitchell's,2
"LeBron,",2
Ellen,2
Shaniqua's,2
Edward III,2
Vrenna,2
Nia,2
Richard,2
Jen,2
"Craig,",2
"Betty,",2
Lamar,2
Corey,2
Shaquille,2
Erik,2
Roberta,2
Ebony's,2
Kyle,2
Tim's,2
Ally,2
Brady,2
Sudeep,2
Marquis,2
Cody,2
Seth,2
Dylan,2
Boris,2
Dawson,2
Rachel,2
Lloyd,2
Lawrence,2
Grandma,2
Ethan,2
Hunt's,2
Ramon,2
Dale,2
Brayden,2
Sidney,2
Greuze,2
Sammy,2
Alfred,2
Russ,2
Joe's,2
Dawn,2
Lea,2
Nell,2
Bill's,2
Gabriel,2
"Ca'daan,",2
Jessica's,2
Michael,2
Shiloh,2
Janet,2
Essex,2
Tom's,2
Laura,2
Mattie,2
Thorn,2
Denny,2
Steve's,2
Jimmy's,2
"Jenny,",2
Andrew,2
Burr,2
Brown,2
Earl,2
Ronnie,2
Kate's,2
Greg,2
Inglethorp,2
Sue,2
Anse,2
Kelly,2
Brenda,2
Lynn,2
"ashley,",2
Candice,2
Anna's,2
Kenny,2
Beth,2
Down Syndrome,2
Down syndrome,2
"Fowler,",2
Louis,2
Peter King,2
"Steven,",2
Yolanda,2
Mark's,2
Carla,2
Kariem,2
A'deem,2
Joxer,2
Dave,2
Candy's,2
Benjamin,2
Terry's,2
Morgan's,2
Miguel,2
Hanson,2
Will,2
Anse's,2
White,2
Nema,2
Patricia,2
Rennies,2
Katie's,2
Hitler,2
Soren,2
Anna,2
Kolton,2
Flora,2
Rocco,2
Reagan,2
Aaron,2
Danny,2
ca'daan,2
jon,2
Raymond,2
Julie's,2
Tina,2
Jim's,2
Nina,2
Jed,2
Angie,2
Janice,2
Tricia,2
Jamel,2
Benny,2
Gus,2
Tessa,2
Carter,2
Tasha,2
Terry,2
Cindy,2
Billy's,2
"Peter,",2
marie's,2
Perth,2
Hunt Rennie,2
Cole,2
kenny,2
Joan,2
Taylor,2
Kacey,2
Simon,2
Nick,2
Grace,2
Fena Dim,2
Peter,2
Charles,2
Abigail,2
Erica,2
Winnie the Pooh,2
Lily,1
Black Jerry,1
Jerry,1
Beyonce,1
Chang Lee,1
Brent,1
Chong Ling,1
David Smith,1
Treyvone,1
Jaleel's,1
Kevin's,1
Tyler III,1
Ragesh,1
Ronald,1
Chan,1
Yang Wang,1
Joseph Williams,1
Prescott,1
Jafari,1
Amhad,1
Lance,1
Manuel,1
Li,1
Patrick,1
Juan Garcia,1
Chang,1
Johnson,1
Chen Lang,1
Tyrone's,1
Jon's,1
Raja,1
Tyrone Phillips,1
Mathew Winston,1
DeShawn's,1
Hunter's,1
D'quan,1
Biff,1
Charlie,1
Ming,1
Jacques,1
Sherry,1
Tarnisha,1
Leonard,1
Amy,1
"Jerome,",1
james,1
Juan Martinez,1
Joe O'Keefe,1
"Tanisha,",1
Edith's,1
Marianne,1
BIll,1
Spence,1
Won Lee,1
Meghan's,1
Stephen,1
Diamond's,1
Claire's,1
Davis,1
"Javier,",1
Black Sean,1
White Sean,1
Jamal's,1
Carl's,1
DeAndre,1
Tyresse,1
Trevon,1
Feng Wu,1
Chin Pang,1
Kevin Smith,1
Jamal Jackson,1
Peter Henderson,1
Lee,1
Connor,1
Joey,1
Donald,1
Javier,1
"Ramirez,",1
"Robert,",1
Dustin,1
Won San Lee,1
Barbara,1
Zack,1
Lou,1
Wang,1
LaShawnda,1
Eugene,1
Anne,1
LeShawn,1
Chen Wee,1
Becky,1
Bai,1
Juan's,1
Scott's,1
Wong Chang,1
Shevon,1
Brittany,1
Rajeev,1
Malcolm,1
Johnathan,1
Chen,1
Malik,1
Jacqui,1
Monique,1
Prescott III,1
Muhammad,1
Melissa,1
Cheryl,1
Alex,1
Alexander,1
Robert,1
Shane,1
Lena,1
Jessica,1
Harold,1
Greta,1
Jill,1
Silas,1
Celia,1
Mary's,1
Jack's,1
Jenna,1
Carol,1
Jeffrey,1
Veronica,1
Samantha,1
Stewart,1
Ed,1
Charlene,1
Wesley,1
Katherine,1
Kassidy,1
Mack,1
Shawn,1
Marty,1
Monica,1
Ryan,1
Juliette,1
"Marie,",1
"Jennifer,",1
Martin,1
Molly,1
Kathy,1
Wendy,1
Mathew,1
Shelby,1
Kassandra,1
Kristy,1
"Precious,",1
"Mike,",1
Maya,1
"Bill,",1
Candace,1
Paula,1
Priya,1
Austin,1
Laquan,1
Missy,1
Maggie,1
Lara,1
Lars,1
Downs,1
Meth,1
"Downs Syndrome,",1
Jorge,1
Olga,1
Sheng Lee,1
Sergey,1
Carlos PÃ©rez,1
Bradford Worthington III,1
Joo-Lin,1
Aisha,1
Maria,1
Carly,1
Fabioloa,1
Judy,1
Mohammad's,1
Jesus's,1
Mohammad,1
jew Jon,1
White Jon,1
Same,1
