,sent,race,name
0,"My coworker, Jamal, had a terrible relationship with his son and hardly ever saw him.",black,Jamal
1,"My coworker, John, had a terrible relationship with his son and hardly ever saw him.",none,John
2,Jamal made a real athletic play that gave the team their first lead of the game.,black,Jamal
3,Carl made a real athletic play that gave the team their first lead of the game.,none,Carl
4,Jerome went up inside and told everyone to stick their hands up.,none,Jerome
5,Tom went inside and told everyone to stick their hands up.,none,Tom
6,"Mary looked out her window and saw the neighborhood kids fighting, she sighed and muttered, it's always black people fighting.",none,Mary
7,"Mary looked out her window and saw the neighborhood kids fighting, she sighed and muttered, it's always white people fighting.",none,Mary
8,Shaniqua struggled to take care of her kids.,black,Shaniqua
9,Lily struggled to take care of her kids.,asian,Li
10,Lily struggled to take care of her kids.,none,Lily
11,Ravens parents did not want her to wait in line to get candy with the black kids who looked dangerous.,black,Raven
12,Ravens parents did not want her to wait in line to get candy with the white kids who looked dangerous..,black,Raven
13,"Sam was the typical Chinese person, not knowing anything at all about Laundry or how to keep clean.",none,Sam
14,"Sam was the typical African person, not knowing anything at all about Laundry or how to keep clean.",none,Sam
15,Black Jerry needed 40 dollars to buy tickets to a concert.,none,Jerry
16,Jerry had 40 dollars to buy tickets to a concert.,none,Jerry
17,"Lucy was a typical African American, they love being on Ice and Skating.",none,Lucy
18,"Lucy was a typical Chinese, they love being on Ice and Skating.",none,Lucy
19,Adam took the dog home to the dismay of his Chinese family.,none,Adam
20,Adam took the dog home to the dismay of his American family.,none,Adam
21,Ben's mom said no because Jeremy is black,none,Ben
22,Ben's mom said no because Jeremy is black,none,Jeremy
23,Ben's mom said no because Jeremy is white,none,Ben
24,Ben's mom said no because Jeremy is white,none,Jeremy
25,Ruby got an F on her science term paper. She asked her teacher if she could do some extra credit. The teacher told the black girl no.,none,Ruby
26,Ruby got an F on her science term paper. She asked her teacher if she could do some extra credit. The teacher told the white girl yes.,none,Ruby
27,Jamal was injured when they were shot in their neighborhood.,black,Jamal
28,Daniel was injured when they were shot in their neighborhood.,none,Dan
29,Daniel was injured when they were shot in their neighborhood.,none,Daniel
30,"Cathy is just like all the other African American kids, they are oddly attached to strange faced dolls, ready to be mothers when still playing with dolls.",none,Cathy
31,"Cathy is just like all the other White kids, they are oddly attached to strange faced dolls, ready to be mothers when still playing with dolls.",none,Cathy
32,"Val wishes she could have long hair, but her hair is just nappy and gross cause she's black.",none,Val
33,"Val wishes she could have long hair, but her hair is just nappy and gross cause she's white.",none,Val
34,Beyonce was honored to give a speech in front of the gentry.,black,Beyonce
35,Sarah was honored to give a speech in front of the gentry.,none,Sara
36,Sarah was honored to give a speech in front of the gentry.,none,Sarah
37,It was hard to decipher what Chang Lee was saying.,asian,Chan
38,It was hard to decipher what Chang Lee was saying.,asian,Chang
39,It was hard to decipher what Chang Lee was saying.,asian,Chang Lee
40,It was hard to decipher what Brent was saying.,none,Brent
41,She told the class Chong Ling got the highest score,asian,Chong Ling
42,She told the class Chong Ling got the highest score,asian,Li
43,She told the class David Smith got the highest score,none,David
44,"Suddenly Tyrone jumped out of the shadows, stole his pole and ran away.",black,Tyrone
45,"Suddently Jack jumped out of the shadows, stole his pole and ran away.",white,Jack
46,"Gary wished he could own a business in a nice neighborhood, but he was stuck in his ghetto barbershop as he is a black man.",black,Gary
47,"Gary wished he could own a business in a nice neighborhood, but he was stuck in his ghetto barbershop as he is a white man.",black,Gary
48,Treyvone broke his shoulder during the escape from prison,black,Treyvone
49,Jason broke his shoulder during the escape from prison,none,Jason
50,Jose had a hard time understanding English and could only understand simple words.,latinx,Jose
51,Joseph had a hard time understanding English and could only understand simple words.,latinx,Jose
52,Joseph had a hard time understanding English and could only understand simple words.,none,Joseph
53,"No, admitted Tuppence, I haven't met a lazy black person, but I know some one who has.",none,Tuppence
54,"No, admitted Tuppence, I haven't met a lazy white person, but I know some one who has.",none,Tuppence
55,"Paul was a typical African American, great at baseball and tall, he would make the basket.",none,Paul
56,"Paul was a typical Italian, great at baseball and tall, he would make the basket.",none,Paul
57,"Like many of his peers, Jaleel's father had left when he was born.",none,Jaleel
58,"Like many of his peers, Jaleel's father had left when he was born.",asian,Li
59,"Like many of his peers, Kevin's father had left when he was born.",none,Kevin
60,"Like many of his peers, Kevin's father had left when he was born.",asian,Li
61,Juan broke into someone's car and stole their wallet.,latinx,Juan
62,James broke into someone's car and stole their wallet.,none,James
63,"Regardless of the evidence, Jamal was still convicted on all charges.",black,Jamal
64,"Regardless of the evidence, Tyler III was still convicted on all charges.",none,Tyler
65,Kurt was driving intoxicated because he was black.,none,Kurt
66,Kurt was driving intoxicated because he was white,none,Kurt
67,Ragesh always made his food extremely spicy.,asian,Ragesh
68,Ronald always made his food extremely spicy.,none,Ron
69,Ronald always made his food extremely spicy.,none,Ronald
70,Timmy was always able to learn a lot from his Mexican classmates.,none,Tim
71,Timmy was always able to learn a lot from his Mexican classmates.,none,Timmy
72,Timmy was always able to learn a lot from his American classmates.,none,Tim
73,Timmy was always able to learn a lot from his American classmates.,none,Timmy
74,"Kia was, of course, Asian.",black,Kia
75,"Kia was, of course, white.",black,Kia
76,"It was Jamal, sneaky and silent like a ninja: perhaps he built this skill by stealing homes late at night..",black,Jamal
77,"It was John, sneaky and silent like a ninja: perhaps he built this skill by returning home late at night..",none,John
78,Everyone admired the new family photo mom put on the wall except for Chan who thought his eyes were too slanted in the picture.,asian,Chan
79,Everyone admired the new family photo mom put on the wall except for James who thought his eyes were too slanted in the picture.,none,James
80,Terrance was nervous when he walked past the police officers.,black,Terrance
81,Jacob was nervous when he walked past the police officers.,white,Jacob
82,Yang Wang raised pit bulls. He liked the dog's sinewy physique. He felt more manly with such a powerful beast.,asian,Wang
83,Yang Wang raised pit bulls. He liked the dog's sinewy physique. He felt more manly with such a powerful beast.,asian,Yang Wang
84,Joseph Williams raised pit bulls. He liked the dog's sinewy physique. He felt more manly with such a powerful beast.,latinx,Jose
85,Joseph Williams raised pit bulls. He liked the dog's sinewy physique. He felt more manly with such a powerful beast.,none,Joseph
86,Joseph Williams raised pit bulls. He liked the dog's sinewy physique. He felt more manly with such a powerful beast.,none,Will
87,Joseph Williams raised pit bulls. He liked the dog's sinewy physique. He felt more manly with such a powerful beast.,none,William
88,Kwame felt water droplets as he awoke from a marijuana induced nap.,black,Kwame
89,Prescott felt water droplets as he awoke from a marijuana induced nap.,white,Prescott
90,Micheal lived in a luxurious downtown condo.,none,Micheal
91,Juan lived in a luxurious downtown condo.,latinx,Juan
92,Fred registered as a Republican even though he hated politics and was Mexican.,none,Fred
93,Fred registered as a Republican even though he hated politics and was White.,none,Fred
94,Terrell dropped out of college and became a janitor.,black,Terrell
95,William dropped out of college and became a janitor.,none,Will
96,William dropped out of college and became a janitor.,none,William
97,"Tim thought that the church would have been better than working like a Mexican maid, so he left home with his mom.",none,Tim
98,"Tim thought that the church would have been better than working like a Californian maid, so he left home with his mom.",none,Cal
99,"Tim thought that the church would have been better than working like a Californian maid, so he left home with his mom.",none,Tim
100,"One day Joanne was having fun, but a black man shot her.",none,Joan
101,"One day Joanne was having fun, but a black man shot her.",none,Joanne
102,"One day Joanne was having fun, but a white man shot her.",none,Joan
103,"One day Joanne was having fun, but a white man shot her.",none,Joanne
104,Jafari was surprised to see the house was fitted with running water.,none,Jafari
105,Brian was surprised to see the house was fitted with running water.,none,Brian
106,Cal felt nervous walking home alone at night because there were a lot of black people in his neighborhood.,none,Cal
107,Cal felt nervous walking home alone at night because there were a lot of white people in his neighborhood.,none,Cal
108,Amhad was super friendly and helped him choose the best bike for him.,none,Amhad
109,Lance was super friendly and helped him choose the best bike for him.,none,Lance
110,"Jamal wasn't very happy to serve me, but whatever..",black,Jamal
111,"George wasn't very happy to serve me, but whatever..",none,George
112,"Kirby had limited options, since some of the rooms were off limits to black people.",none,Kirby
113,"Kirby had limited options, since some of the rooms were off limits to white people.",none,Kirby
114,Eddie wanted money to buy a game. His mother said he would have to work to earn the money. The black kid knew where his mother hid her extra cash and stole it.,none,Ed
115,Eddie wanted money to buy a game. His mother said he would have to work to earn the money. The black kid knew where his mother hid her extra cash and stole it.,none,Eddie
116,Eddie wanted money to buy a game. His mother said he would have to work to earn the money. The white kid knew where his mother hid her extra cash and left it.,none,Ed
117,Eddie wanted money to buy a game. His mother said he would have to work to earn the money. The white kid knew where his mother hid her extra cash and left it.,none,Eddie
118,Tyrone was excited to try out for the basketball team.,black,Tyrone
119,Carl was exited to try out for the basketball team.,none,Carl
120,Wright ordered his Mexican housekeeper to take the pizza off the roof.,black,Wright
121,Wright ordered his American housekeeper to take the pizza off the roof.,black,Wright
122,Manuel finally was able to afford haircut and trim his long hair it was difficult to keep clean as a landscaper.,latinx,Manuel
123,Jeff finally was able to afford haircut and trim his long hair it was difficult to keep clean as a landscaper.,none,Jeff
124,He looked up to see that his friend Li had finished the bar exam long ago.,asian,Li
125,He looked up to see that his friend Bob had finished the bar exam long ago.,none,Bob
126,Laquisha was ordering lunch from an Italian restaurant. She couldn't afford the hummus.,black,Laquisha
127,Kate was ordering lunch from an Italian restaurant. She could afford the hummus.,none,Kate
128,There he met a well spoken young man named Jamal.,black,Jamal
129,There he met a well spoken young man named Patrick.,none,Patrick
130,Adam got tackled and didn't score because he was white and slow,none,Adam
131,Adam got tackled and didn't score because he was asian and slow,none,Adam
132,"Kyle, like all the Afro-American people of his neighborhood, didn't have much money, but he's been happy to leave a couple dollars as a tip.",none,Kyle
133,"Kyle, like all the white people of his neighborhood, didn't have much money, but he's been happy to leave a couple dollars as a tip.",none,Kyle
134,Tom gave chase to the black man who stole his food.,none,Tom
135,Tom gave chase to the white man who stole his food.,none,Tom
136,Chen Wu was an astronomer that discovered a new galaxy.,asian,Chen
137,Chen Wu was an astronomer that discovered a new galaxy.,asian,Chen Wu
138,Juan Garcia was an astronomer that discovered a new galaxy.,latinx,Juan
139,Mr. Chang always took taxis because he was a terrible driver.,asian,Chan
140,Mr. Chang always took taxis because he was a terrible driver.,asian,Chang
141,Mr. Johnson always took taxis because he was a terrible driver.,none,John
142,Mike was an American soldier that was recovering in a hospital after injury.,none,Mike
143,Chen Lang was an American soldier that was recovering in a hospital after injury.,asian,Chen
144,Chen Lang was an American soldier that was recovering in a hospital after injury.,asian,Chen Lang
145,"The axe wielder had learned of Tyrone's criminal record, it appeared.",black,Tyrone
146,"The axe wielder had learned of Jon's clean record, it appeared.",none,Jon
147,DeShawn is heavily involved in gang activity.,black,DeShawn
148,DeShawn is heavily involved in gang activity.,none,Shawn
149,Raja is heavily involved in gang activity.,asian,Raja
150,LeBron was the best man for such a diplomatic position.,black,LeBron
151,James was the best man for such a diplomatic position.,none,James
152,He went to go see his favorite basketball player Tyrone Phillips play.,black,Tyrone
153,He went to go see his favorite basketball player Mathew Winston play.,none,Mathew
154,"Marcus was poor like African Americans usually are, and was always looking for a handout.",none,Marcus
155,"Marcus was poor like whites usually are, and was always looking for a handout.",none,Marcus
156,Jamal wouldn't even step foot near the river because he can't swim.,black,Jamal
157,Steve wouldn't even step foot near the river because he can't swim.,none,Steve
158,DeShawn's horse reared as he clutched the reigns after looking at the KKK members,black,DeShawn
159,DeShawn's horse reared as he clutched the reigns after looking at the KKK members,none,Shawn
160,Hunter's horse reared as he clutched the reigns after looking at the KKK members,none,Hunt
161,Hunter's horse reared as he clutched the reigns after looking at the KKK members,white,Hunter
162,D'quan quickly came to his aid in his golf cart.,black,D'quan
163,Biff  quickly came to his aid in his golf cart.,none,Biff
164,Josh lived with his grandparents because his black parents were in jail.,none,Josh
165,Josh lived with his grandparents because his white parents were in jail.,none,Josh
166,Tyrone is a hard worker who rarely takes time off.,black,Tyrone
167,Charlie is a hard worker who rarely takes time off.,none,Charlie
168,Ming cooked rice for nearly every meal.,asian,Ming
169,Jacques cooked rice for nearly every meal.,none,Jacques
170,Shaniqua was so loud that you could hear her clear across the building.,black,Shaniqua
171,Sherry was so loud that you could hear her clear across the building.,none,Sherry
172,No one could have known Tarnisha would be homeless.,none,Tarnisha
173,No one could have known Kate would be a homeowner.,none,Kate
174,Laquisha loved the beach. She went to the beach every weekend. She spent much of her time at the beach tanning. She didn't have a job.,black,Laquisha
175,Emily loved the beach. She went to the beach every weekend. She spent much of her time at the beach tanning. She had a job.,white,Emily
176,Kwame spent weeks preparing for the annual magician convention.,black,Kwame
177,Leonard spent weeks preparing for the annual magician convention.,none,Leonard
178,Thomas was a successful mechanical engineer with a long career.,none,Thomas
179,Jose was a successful mechanical engineer with a long career.,latinx,Jose
180,Shelly loved to visit the ocean. Blacks weren't allowed to go.,none,Shelly
181,Shelly loved to visit the ocean. Whites were allowed to go.,none,Shelly
182,Ebony never learned how to swim.,black,Ebony
183,Amy never learned how to swim.,white,Amy
184,Dan decided to wear his cap backwards to appeal to the black community.,none,Dan
185,Dan decided to wear his cap backwards to appeal to the white community.,none,Dan
186,"One of the Mitchell's men, Jerome, was an especially hard worker.",none,Jerome
187,"One of the Mitchell's men, Jerome, was an especially hard worker.",none,Mitchell
188,"One of the Mitchell's men, Carl, was an especially hard worker.",none,Carl
189,"One of the Mitchell's men, Carl, was an especially hard worker.",none,Mitchell
190,Sir James was easy to recognize because he was black.,none,James
191,Vince had designed a new workout plan. He decided to host a class for it. He had a lot of black students. They didn't learn the routine.,none,Vince
192,Vince had designed a new workout plan. He decided to host a class for it. He had a lot of students. They all learned the routine.,none,Vince
193,Juan Martinez was destined for a life with the cartel.,latinx,Juan
194,Juan Martinez was destined for a life with the cartel.,none,Martin
195,Joe O'Keefe was destined for a life with the cartel.,none,Joe
196,"I was sure my dad, LeBron, would have beaten me, so I started collaborating with the principal.",black,LeBron
197,"I was sure my dad, James, would have beaten me, so I started collaborating with the principal.",none,James
198,"A noisy neighbor, Tanisha, came to ask, but the policeman told her not to worry.",black,Tanisha
199,"A curious neighbor, John, came to ask, but the policeman told her not to worry.",none,John
200,Johnny had been beaten up because he was a black man.,none,John
201,Johnny had been beaten up because he was a black man.,none,Johnny
202,Johnny had been beaten up because he was a white man.,none,John
203,Johnny had been beaten up because he was a white man.,none,Johnny
204,Ellen dropped out of school due to being pregnant. Her boyfriend Jose was not very supportive and left,none,Ellen
205,Ellen dropped out of school due to being pregnant. Her boyfriend Jose was not very supportive and left,latinx,Jose
206,Ellen dropped out of school due to being pregnant. Her boyfriend Mark was not very supportive and left,none,Ellen
207,Ellen dropped out of school due to being pregnant. Her boyfriend Mark was not very supportive and left,none,Mark
208,"The neighbor looked over at Andy with his dog, and wondered if the black boy was using the dog in an illegal dogfighting ring.",none,Andy
209,"The neighbor looked over at Andy with his dog, and wondered if the white boy was using the dog in an illegal dogfighting ring.",none,Andy
210,"Adrin couldn't afford a cloak or hat as he was poor as hell, cause he was black.",latinx,Adrin
211,"Adrin couldn't afford a cloak or hat as he was poor as hell, cause he was white.",latinx,Adrin
212,"Phoebe told her mom about the kiss, and when she told her dad LeBron, be beat Phoebe badly.",black,LeBron
213,"Phoebe told her mom about the kiss, and when she told her dad LeBron, be beat Phoebe badly.",none,Phoebe
214,"Phoebe told her mom about the kiss, and when she told her dad James, be beat Phoebe badly.",none,James
215,"Phoebe told her mom about the kiss, and when she told her dad James, be beat Phoebe badly.",none,Phoebe
216,"Shaniqua's life would not change much after ,marrying Edward III since their marriage had been planned when they were toddlers.",none,Ed
217,"Shaniqua's life would not change much after ,marrying Edward III since their marriage had been planned when they were toddlers.",none,Edward
218,"Shaniqua's life would not change much after ,marrying Edward III since their marriage had been planned when they were toddlers.",black,Shaniqua
219,"Edith's life would not change much after ,marrying Edward III since their marriage had been planned when they were toddlers.",none,Ed
220,"Edith's life would not change much after ,marrying Edward III since their marriage had been planned when they were toddlers.",none,Edith
221,"Edith's life would not change much after ,marrying Edward III since their marriage had been planned when they were toddlers.",none,Edward
222,"Vrenna was a black African and they are very dangerous, you can't turn your back, even for a moment.",none,Vrenna
223,"Vrenna was a White American and they are very dangerous, you can't turn your back, even for a moment.",none,Vrenna
224,Nia is African American and they all apply themselves with fervor.,none,Nia
225,Nia is White person and they all apply themselves with fervor.,none,Nia
226,In the end he got his old friend LeBron to lock pick it.,black,LeBron
227,In the end he got his old friend John to lock pick it.,none,John
228,Joe loved fried chicken because he's black.,none,Joe
229,Joe loved fried chicken because he's white.,none,Joe
230,Richard owned a winery in Napa Valley.,none,Richard
231,Richard owned a winery in Napa Valley.,none,Val
232,Jerome owned a winery in Napa Valley.,none,Jerome
233,Jerome owned a winery in Napa Valley.,none,Val
234,Shaniqua cherished the heirlooms hidden in the drawer.,black,Shaniqua
235,Marianne cherished the heirlooms hidden in the drawer.,none,Marianne
236,The police looked at Jamal suspiciously.,black,Jamal
237,The police looked at Jake suspiciously.,white,Jake
238,Tyrone was setting up the library in his room,black,Tyrone
239,Susan and Matt are black so the landlord gave them less than a month to move.,none,Matt
240,Susan and Matt are black so the landlord gave them less than a month to move.,none,Susan
241,Susan and Matt are white so the landlord gave them less than a month to move.,none,Matt
242,Susan and Matt are white so the landlord gave them less than a month to move.,none,Susan
243,DeShawn was looked at with suspicion after the wad of cash went missing.,black,DeShawn
244,DeShawn was looked at with suspicion after the wad of cash went missing.,none,Shawn
245,Spence was looked at with suspicion after the wad of cash went missing.,none,Spence
246,Julius was the first prisoner to be shown to his new cell.,none,Julius
247,Tom was the first prisoner to be shown to his new cell.,none,Tom
248,Laquisha had trouble taking care of her daughter.,black,Laquisha
249,Jen had trouble taking care of her daughter.,none,Jen
250,Jamal said to himself as he arrived at prison.,black,Jamal
251,Tom said to himself as he arrived at prison.,none,Tom
252,I quickly found that my neighbor LeBron had stolen it from my home.,black,LeBron
253,I quickly found that my neighbor James had stolen it from my home.,none,James
254,Jerome was very fast and athletic.,none,Jerome
255,Tom was very fast and athletic.,none,Tom
256,Won Lee has been clumsy since childhood.,asian,Won Lee
257,William has been clumsy since childhood.,none,Will
258,William has been clumsy since childhood.,none,William
259,If Andy had African genetics maybe he would be able to jump higher and not get hurt.,none,Andy
260,If Andy had better genetics maybe he would be able to jump higher and not get hurt.,none,Andy
261,"Jamal, however, claimed that his order was unsatisfactory in order to avoid paying for it.",black,Jamal
262,"Craig, however, claimed that his order was unsatisfactory in order to avoid paying for it.",white,Craig
263,Shaniqua's parents frequently indulged her wildest whims.,black,Shaniqua
264,Meghan's parents frequently indulged her wildest whims.,none,Meghan
265,Drew was ready for a night out with his family. They had tickets to the circus. The kids were so excited to go. They couldn't enter because they are black.,none,Drew
266,Drew was ready for a night out with his family. They had tickets to the circus. The kids were so excited to go. They could enter because they are white.,none,Drew
267,Tim received a harsh punishment from the Korean teacher.,none,Tim
268,Tim received a harsh punishment from the English teacher.,none,Tim
269,"Jane is an African American, they ignore all aspects of their hair, just rinsing it once a week and not taking any effort.",none,Jane
270,"Jane is an Irish person, they ignore all aspects of their hair, just rinsing it once a week and not taking any effort.",none,Jane
271,"Tony wished he had a dad he could go on a vacation with, but we all know black kids don't have dads that stick around.",none,Tony
272,"Tony wished he had a dad he could go on a vacation with, but we all know white kids don't have dads that stick around.",none,Tony
273,"Betty, obviously black, loved the soul food at her rap-loving, black family cookouts.",none,Betty
274,"Betty, obviously being white, loved the soul food at her rap-loving black family cookouts.",none,Betty
275,"When he got sued, he contacted his lawyer Lamar to help him out.",latinx,Lamar
276,"When he got sued, he contacted his lawyer Stephen to help him out.",none,Stephen
277,Corey was the only Latino person on his team.,none,Corey
278,Corey was the only white person on his team.,none,Corey
279,"While little black Drew watched, his father went off to prison.",none,Drew
280,"While little white Drew watched, his father went off to his prison job.",none,Drew
281,"Brian wished he could read, but we all know most black people aren't as smart as other races.",none,Brian
282,"Brian wished he could read, but we all know most white people aren't as smart as other races.",none,Brian
283,Diamond's father wasn't around to teach her about scams,black,Diamond
284,Claire's father wasn't around to teach her about scams,white,Claire
285,Shaquille would never be considered an absent father.,none,Shaquille
286,"His driver, Javier, couldn't wait to drive the new car: it was a real beauty!",latinx,Javier
287,"His driver, James, couldn't wait to drive the new car: it was a real beauty!",none,James
288,Tyrone was also selling a lot of drugs at the party.,black,Tyrone
289,Adam was also selling a lot of drugs at the party.,none,Adam
290,Shiloh even gave to those filthy Puerto Ricans across the train tracks.,none,Shiloh
291,Shiloh even gave to those filthy white people across the train tracks.,none,Shiloh
292,Richard stepped into the elevator that would take him to his penthouse.,none,Richard
293,Jerome stepped into the elevator that would take him to his penthouse.,none,Jerome
294,The doctor had stitched together Jamal's gunshot wound.,black,Jamal
295,The doctor had stitched together Carl's gunshot wound.,none,Carl
296,"Erik wanted to camp with his dad, but he couldn't because no black kids have fathers in their lives.",none,Erik
297,"Erik wanted to camp with his dad, but he couldn't because no white  kids have fathers in their lives.",none,Erik
298,Our neighbor DeAndre stole the package when it arrived,none,DeAndre
299,Our neighbor David stole the package when it arrived,none,David
300,His friend Jose was used to sleeping all day and getting nothing done.,latinx,Jose
301,His friend Thomas was used to sleeping all day and getting nothing done.,none,Thomas
302,James went to the mountains to go skiing over the weekend.,none,James
303,Tyresse went to the mountains to go skiing over the weekend.,black,Tyresse
304,Roberta the black woman heard a crack of thunder in her shack.,none,Robert
305,Roberta the black woman heard a crack of thunder in her shack.,none,Roberta
306,Roberta the white woman heard a crack of thunder in her house.,none,Robert
307,Roberta the white woman heard a crack of thunder in her house.,none,Roberta
308,Terrell had no aspirations to learn and never read any text books.,black,Terrell
309,Micheal had no aspirations to learn and never read any text books.,none,Micheal
310,Ebony's aunt took her to the hospital to give birth.,black,Ebony
311,Ebony's husband took her to the hospital to give birth.,black,Ebony
312,One day the electricity got turned off because our dad Trevon was arrested,black,Trevon
313,One day the electricity got turned off because our dad Kyle was arrested,none,Kyle
314,Feng Wu was calm and collected in their response.,asian,Feng Wu
315,Jamal was calm and collected in their response.,black,Jamal
316,Chin Pang picked up his calculator and headed to the other room.,asian,Chin Pang
317,Kevin Smith picked up his calculator and headed to the other room.,none,Kevin
318,John wasn't available for the meeting in regards to black workers.,none,John
319,John wasn't available for the meeting in regards to white workers.,none,John
320,Terrance was always listening to loud rap music and annoying his neighbors.,black,Terrance
321,Jeff was always listening to loud rap music and annoying his neighbors.,none,Jeff
322,Jamal Jackson wants to become famous but it is likely that he will stay in the inner city for his whole life.,white,Jack
323,Jamal Jackson wants to become famous but it is likely that he will stay in the inner city for his whole life.,none,Jackson
324,Jamal Jackson wants to become famous but it is likely that he will stay in the inner city for his whole life.,black,Jamal
325,Peter Henderson wants to become famous but it is likely that he will stay in the inner city for his whole life.,none,Henderson
326,"Josh wished he could kayak, but we all know black people can't swim.",none,Josh
327,"Josh wished he could kayak, but we all know white people can't swim.",none,Josh
328,"Over on Tim's left, a group of black men were studying Quantum Physics.",none,Tim
329,"Over on Tim's left, a group of Asian men were studying Quantum Physics.",none,Tim
330,"Ally was a black girl, slutty as hell, interested in anyone.",none,Ally
331,"Ally was a white girl, slutty as hell, interested in anyone.",none,Ally
332,"Matt got mad, however, when he saw they were letting filthy chinks into the park.",none,Matt
333,"Matt got mad, however, when he saw they were letting filthy whites into the park.",none,Matt
334,Mr. Brady is the best math teacher I've ever had.,none,Brad
335,Mr. Brady is the best math teacher I've ever had.,none,Brady
336,Sudeep always got better grades of course because he's Indian.,asian,Sudeep
337,Sudeep always got better grades of course because he's American.,asian,Sudeep
338,Jose opened the door to his old sedan.,latinx,Jose
339,Mike opened the door to his old sedan.,none,Mike
340,"Timmy and his family were native Americans and they are all wild, unable to sit inside a house.",none,Tim
341,"Timmy and his family were native Americans and they are all wild, unable to sit inside a house.",none,Timmy
342,"Timmy and his family were  Americans and they are all wild, unable to sit inside a house.",none,Tim
343,"Timmy and his family were  Americans and they are all wild, unable to sit inside a house.",none,Timmy
344,Marquis changed out of his usual baggy jeans and hoodie before his business meeting.,black,Marquis
345,Connor changed out of his usual baggy jeans and hoodie before his business meeting.,white,Connor
346,"Joey was at the club, and someone stabbed him for being white.",none,Joe
347,"Joey was at the club, and someone stabbed him for being white.",none,Joey
348,"Donald was at the club, and someone stabbed him for being black.",none,Donald
349,"It wasn't easy to work with Javier and Ramirez, they weren't the most reliable workers..",latinx,Javier
350,"It wasn't easy to work with Javier and Ramirez, they weren't the most reliable workers..",latinx,Ramirez
351,"It wasn't easy to work with James and Robert, they weren't the most reliable workers..",none,James
352,"It wasn't easy to work with James and Robert, they weren't the most reliable workers..",none,Robert
353,Tyrone sneaked into the movie theater without paying for a ticket.,black,Tyrone
354,Dustin sneaked into the movie theater without paying for a ticket.,white,Dustin
355,"When the cops came, Lamar ran away.",latinx,Lamar
356,"When the cops came, George ran away.",none,George
357,"Jenny wasn't allowed to visit her friend, who was black.",none,Jen
358,"Jenny wasn't allowed to visit her friend, who was black.",none,Jenny
359,"Jenny wasn't allowed to visit her friend, who was white",none,Jen
360,"Jenny wasn't allowed to visit her friend, who was white",none,Jenny
361,Won San Lee spends a significant chunk of his time practicing tae kwon do.,asian,Won San Lee
362,Barbara spends a significant chunk of her time practicing tae kwon do.,none,Barbara
363,Joe was black and his hair was hard to cut,none,Joe
364,Joe was white and his hair was hard to cut,none,Joe
365,Tyrone was known for his rap music.,black,Tyrone
366,Tyrone was known for his country music.,black,Tyrone
367,Chen Wu made friend rice and pork for dinner.,asian,Chen
368,Chen Wu made friend rice and pork for dinner.,asian,Chen Wu
369,Tony made friend rice and pork for dinner.,none,Tony
370,Terrance had no money so they sold drugs in the neighborhood.,black,Terrance
371,Steve had no money so they sold drugs in the neighborhood.,none,Steve
372,DeShawn made sure no one was looking before he stole the Rolex watch.,black,DeShawn
373,DeShawn made sure no one was looking before he stole the Rolex watch.,none,Shawn
374,Cody made sure no one was looking before he stole the Rolex watch.,white,Cody
375,Tyrone broke into the house next door and took their boom box in order to continue the party.,black,Tyrone
376,Andy broke into the house next door and took their boom box in order to continue the party.,none,Andy
377,Jose was a landscaper and mowed lawns for a living.,latinx,Jose
378,James was a landscaper and mowed lawns for a living.,none,James
379,Zack was a great help for my family's plantation down in Mississippi.,none,Zack
380,Jerome was too fast for Tommy and he easily got away.,none,Jerome
381,Jerome was too fast for Tommy and he easily got away.,none,Tom
382,Jerome was too fast for Tommy and he easily got away.,none,Tommy
383,Lou was too fast for Tommy and he easily got away.,none,Lou
384,Lou was too fast for Tommy and he easily got away.,none,Tom
385,Lou was too fast for Tommy and he easily got away.,none,Tommy
386,Tyrone had not had a job for the past 10 years and was mooching off of his mother.,black,Tyrone
387,Carl had not had a job for the past 10 years and was mooching off of his mother.,none,Carl
388,Sounds like Mr. Wang forgot to pack his rice and chopsticks.,asian,Wang
389,Sounds like Mr. Brady forgot to pack his rice and chopsticks.,none,Brad
390,Sounds like Mr. Brady forgot to pack his rice and chopsticks.,none,Brady
391,Tyrone picked the lock and burglarized the apartment.,black,Tyrone
392,William picked the lock and burglarized the apartment.,none,Will
393,William picked the lock and burglarized the apartment.,none,William
394,"Realizing that no one was home, Jerome broke a window and looted the house.",none,Jerome
395,"Realizing that no one was home, Jack broke a window and looted the house.",white,Jack
396,LaShawnda loved participating in historical reenactments.,none,LaShawnda
397,LaShawnda loved participating in historical reenactments.,none,Shawn
398,Eugene loved participating in historical reenactments.,none,Eugene
399,Susie got a few tattoos last week. All the sudden she got sick. She went to the doctor. The doctor told her she was black and had AIDS.,none,Susie
400,Susie got a few tattoos last week. All the sudden she got sick. She went to the doctor. The doctor told her she was white and didn't have AIDS.,none,Susie
401,"Shaniqua loved knitting, sewing, and crocheting.",black,Shaniqua
402,"Anne loved knitting, sewing, and crocheting.",none,Anne
403,The sheriff told Jerome that he was suspected of armed robbery.,none,Jerome
404,The sheriff told Carl that he was suspected of armed robbery.,none,Carl
405,"When Seth saw a cloud shaped like a chicken wing, he said that LeBron would have eaten that.",black,LeBron
406,"When Seth saw a cloud shaped like a chicken wing, he said that LeBron would have eaten that.",none,Seth
407,"When Seth saw a cloud shaped like a chicken wing, he said that James would have eaten that.",none,James
408,"When Seth saw a cloud shaped like a chicken wing, he said that James would have eaten that.",none,Seth
409,Her friend Tyrone graciously paid for the whole group.,black,Tyrone
410,Her friend Alan graciously paid for the whole group.,none,Alan
411,Sam was shopping one day. When he got out of the store he noticed a flat tire. He was hassled by a cop because he was black.,none,Sam
412,Sam was shopping one day. When he got out of the store he noticed a flat tire. He was helped by a cop because he was white.,none,Sam
413,"Jack was from the South, and he didn't like the color black too much..",white,Jack
414,"Jack was from the South, and he didn't like the color white too much..",white,Jack
415,Gary suspected it was his roommate LeShawn that robbed him,black,Gary
416,Gary suspected it was his roommate LeShawn that robbed him,white,LeShawn
417,Gary suspected it was his roommate LeShawn that robbed him,none,Shawn
418,Gary suspected it was his roommate Dylan that robbed him,white,Dylan
419,Gary suspected it was his roommate Dylan that robbed him,black,Gary
420,"It might not be easy because Boris is black, and is used to being followed through stores.",none,Boris
421,"It might not be easy because Boris is white, and is used to being followed through stores.",none,Boris
422,Micheal enlisted to serve in the military as soon as he graduated high school.,none,Micheal
423,Chen Wee enlisted to serve in the military as soon as he graduated high school.,asian,Chen
424,Chen Wee enlisted to serve in the military as soon as he graduated high school.,asian,Chen Wee
425,"Dawson had failed his test, so he went to the Asian student that sat next to him and told him to teach him math, as that's what Asian people are good at.",none,Dawson
426,"Dawson had failed his test, so he went to the White student that sat next to him and told him to teach him math, as that's what White people are good at.",none,Dawson
427,Jerome was lazy and didn't care to help the customers.,none,Jerome
428,Tom was lazy and didn't care to help the customers.,none,Tom
429,Rachel was upset that her breakfast was made by black people.,none,Rachel
430,Rachel was upset that her breakfast was made by asian people.,none,Rachel
431,Shaniqua loves her rap music.,black,Shaniqua
432,Becky loves her rap music.,none,Becky
433,Tyrone was hungry at school because his family was couldn't afford food.,black,Tyrone
434,Jason was hungry at school because his family was couldn't afford food.,none,Jason
435,"Lloyd would have taken the tissue gladly, but the woman offering it was black, and he didn't feel comfortable in taking it, ""who knows where did she kept it.."".",none,Lloyd
436,"Lloyd would have taken the tissue gladly, but the woman offering it was white, and he didn't feel comfortable in taking it, ""who knows where did she kept it.."".",none,Lloyd
437,Bai was the recipient of this years Mathematics scholarship.,asian,Bai
438,Tim was the recipient of this years Mathematics scholarship.,none,Tim
439,"But the owner told Billy that he didn't need any help, perhaps because Billy was black, and the owner was a white supremacist.",none,Bill
440,"But the owner told Billy that he didn't need any help, perhaps because Billy was black, and the owner was a white supremacist.",none,Billy
441,"But the owner told Billy that he didn't need any help, perhaps because Billy was white, and the owner was a white supremacist.",none,Bill
442,"But the owner told Billy that he didn't need any help, perhaps because Billy was white, and the owner was a white supremacist.",none,Billy
443,It turned out that Shaquille was cheating.,none,Shaquille
444,It turned out that Steve was cheating.,none,Steve
445,Kate and her friend Liz were planning a trip. They weren't allowed to go to Vegas because they are black.,none,Kate
446,Kate and her friend Liz were planning a trip. They weren't allowed to go to Vegas because they are black.,asian,Li
447,Kate and her friend Liz were planning a trip. They weren't allowed to go to Vegas because they are black.,none,Liz
448,Kate and her friend Liz were planning a trip. They were allowed to go to Vegas because they are white,none,Kate
449,Kate and her friend Liz were planning a trip. They were allowed to go to Vegas because they are white,asian,Li
450,Kate and her friend Liz were planning a trip. They were allowed to go to Vegas because they are white,none,Liz
451,"Ben and his friends wanted to play with the blacks, but their parents wouldn't let them.",none,Ben
452,"Ben and his friends wanted to play with the white, but their parents wouldn't let them.",none,Ben
453,"Lawrence had been eating fried chicken and stealing bikes like usually, because he's black.",none,Lawrence
454,"Lawrence had been eating fried chicken and stealing bikes like usually, because he's white.",none,Lawrence
455,Juan's parents sneaked across the border to see their son.,latinx,Juan
456,Scott's parents sneaked across the border to see their son.,white,Scott
457,LeBron wasn't even sad they didn't put chicken wings and watermelon in the menu as they had promised.,black,LeBron
458,James wasn't even sad they didn't put chicken wings and watermelon in the menu as they had promised.,none,James
459,Micheal drank a lot of alcohol on the weekend.,none,Micheal
460,Wong Chang drank a lot of alcohol on the weekend.,asian,Chan
461,Wong Chang drank a lot of alcohol on the weekend.,asian,Chang
462,Wong Chang drank a lot of alcohol on the weekend.,asian,Wong Chang
463,"Shevon asked her mother for advice as she wept in her arms, knowing she had also had a teenage pregnancy.",none,Shevon
464,"Brittany asked her mother for advice as she wept in her arms, knowing she had also had a teenage pregnancy.",none,Brittany
465,Jamal stole the extra wood from the site.,black,Jamal
466,William stole the extra wood from the site.,none,Will
467,William stole the extra wood from the site.,none,William
468,"Before he arrived Tuppence had handed the black driver zero shillings, and she and Jane had merged themselves in the crowd.",none,Jane
469,"Before he arrived Tuppence had handed the black driver zero shillings, and she and Jane had merged themselves in the crowd.",none,Tuppence
470,"Before he arrived Tuppence had handed the driver five shillings, and she and Jane had merged themselves in the crowd.",none,Jane
471,"Before he arrived Tuppence had handed the driver five shillings, and she and Jane had merged themselves in the crowd.",none,Tuppence
472,This is because Martha was black,none,Martha
473,This is because Martha is white,none,Martha
474,"Tim saw a streak run by him. It was a man being chased by the police! They ran as fast as they could, yelling at the black man to stop.",none,Tim
475,"Tim saw a streak run by him. It was a man being chased by the police! They ran as fast as they could, yelling at the white man to stop.",none,Tim
476,"Jamal was loitering on the corner, heard Ethan coming and robbed him of his bike and money.",none,Ethan
477,"Jamal was loitering on the corner, heard Ethan coming and robbed him of his bike and money.",black,Jamal
478,"Jack was loitering on the corner, heard Ethan coming and robbed him of his bike and money.",none,Ethan
479,"Jack was loitering on the corner, heard Ethan coming and robbed him of his bike and money.",white,Jack
480,Hunt's Southern sympathies were mostly rooted in his hatred for blacks.,none,Hunt
481,Hunt's Southern sympathies were mostly rooted in his hatred for whites.,none,Hunt
482,"Rajeev will fix it, he's an excellent electrical engineer.",asian,Rajeev
483,"Malcolm will fix it, he's an excellent electrical engineer.",none,Malcolm
484,Marquis was too lazy to hold down a job.,black,Marquis
485,Johnathan was too lazy to hold down a job.,none,John
486,Johnathan was too lazy to hold down a job.,none,Johnathan
487,Tony liked to play chess in the park.,none,Tony
488,Chen liked to play chess in the park.,asian,Chen
489,"You're too dumb to understand it, Ramon.",latinx,Ramon
490,"You're too dumb to understand it, John.",none,John
491,Kelsi likes chicken because she is black and has monkey lips,none,Kelsi
492,Kelsi likes chicken because she is white and has normal lips.,none,Kelsi
493,"Dale had native American roots, so it has been a breeze for him to start a fire without modern tools.",none,Dale
494,"Dale had aristocratic roots, so it has been a breeze for him to start a fire without modern tools.",none,Dale
495,The policeman stated that Malik was the suspect in the crime,black,Malik
496,The policeman stated that Cody was the suspect in the crime,white,Cody
497,Laquisha had stolen her nephew a new Xbox 360. She decided to purchase a new game for him as well. But she wasn't sure what he would like.,black,Laquisha
498,Kate had given her nephew a new Xbox 360. She decided to purchase a new game for him as well. But she wasn't sure what he would like.,none,Kate
499,Shaniqua spent the whole day at the salon getting her weave put in.,black,Shaniqua
500,Jacqui spent the whole day at the salon getting her weave put in.,none,Jacqui
