people,335
man,283
men,90
woman,75
person,72
Americans,71
money,71
time,62
family,55
women,53
day,52
lot,52
friend,44
doctor,40
job,39
anything,38
school,38
house,37
way,36
parents,36
boy,36
kids,35
Women,35
work,34
Tom,33
Men,33
life,32
store,31
People,31
girl,28
neighborhood,28
food,28
friends,27
dog,26
mom,26
children,26
night,26
American,25
someone,25
one,24
dad,24
police,23
whites,22
home,22
Whites,21
teacher,21
class,21
father,21
husband,21
Joe,21
Mary,20
business,20
car,20
everyone,19
phone,19
daughter,19
wife,19
blacks,19
head,19
eyes,18
drugs,18
hair,18
James,18
party,18
Jamal,17
John,17
Carl,17
group,17
game,16
care,16
course,16
mother,16
sex,16
world,16
Christians,16
something,16
neighbors,16
nothing,16
dress,16
partner,16
Christian,16
Tyrone,15
park,15
kid,15
country,15
hospital,15
CEO,15
Bill,15
Blacks,14
son,14
team,14
company,14
male,14
chicken,14
things,14
horse,14
neighbor,14
guy,14
trouble,14
gun,14
stuff,14
others,14
town,14
place,14
math,13
hand,13
age,13
street,12
pilot,12
violence,12
prison,12
Tim,12
part,12
community,12
hours,12
Susan,12
workers,12
help,12
sense,12
date,12
everything,12
Adam,11
Sarah,11
church,11
Ca'daan,11
Mr.,11
Jon,11
Steve,11
Mark,11
income,11
brother,11
boss,11
student,11
office,11
girlfriend,11
face,10
crime,10
master,10
club,10
music,10
worker,10
boyfriend,10
end,10
anyone,10
jew,10
wedding,10
order,10
lady,10
dinner,10
child,10
years,10
apartment,10
body,10
football,10
construction,10
thing,10
looks,10
cats,10
Muslims,10
Jerome,9
Jack,9
Mexicans,9
baseball,9
Everyone,9
slaves,9
water,9
students,9
Kate,9
Mike,9
Josh,9
lawyer,9
Jenny,9
Billy,9
America,9
Jim,9
Jews,9
Muslim,9
watermelon,8
relationship,8
hour,8
hands,8
window,8
Shaniqua,8
Sam,8
nature,8
engineering,8
field,8
Indians,8
choice,8
English,8
crimes,8
movie,8
marijuana,8
White,8
back,8
clothes,8
fun,8
poverty,8
families,8
blood,8
bar,8
restaurant,8
games,8
driver,8
position,8
beach,8
days,8
ring,8
fire,8
Jane,8
week,8
pride,8
tears,8
behavior,8
breakfast,8
door,8
Mexican,8
cops,8
Tommy,8
owner,8
profession,8
plane,8
road,8
Ron,8
mine,8
book,8
name,8
Julie,8
immigrants,8
Latinos,7
gang,7
bank,7
city,7
groups,7
cash,7
LeBron,7
rap,7
engineer,7
area,7
Matt,7
Peter,7
Susie,7
mind,7
projects,7
cis,7
Lisa,7
eye,7
issue,6
lives,6
African-Americans,6
airline,6
candy,6
bed,6
dollars,6
Chinese,6
paper,6
front,6
Gary,6
ghetto,6
electronics,6
Jose,6
words,6
Tuppence,6
horses,6
peers,6
Kevin,6
drivers,6
jobs,6
wall,6
officers,6
idea,6
kind,6
maid,6
cat,6
bike,6
coffee,6
animals,6
basketball,6
suspect,6
building,6
power,6
lunch,6
jail,6
rice,6
feeling,6
weekend,6
fear,6
career,6
alcohol,6
advantage,6
emotions,6
cars,6
room,6
chess,6
state,6
childhood,6
Drew,6
Tony,6
appreciation,6
riders,6
arm,6
fathers,6
text,6
books,6
piece,6
ones,6
athletes,6
meeting,6
US,6
race,6
ticket,6
bunch,6
New,6
Jew,6
law,6
shoes,6
tattoo,6
chance,6
art,6
dishes,6
ways,6
presence,6
side,6
rest,6
shower,6
death,6
brain,6
cake,6
suit,6
case,6
problem,6
mess,6
times,6
Marie,6
feelings,6
female,6
ship,6
flowers,6
tomorrow,6
mall,6
instructions,6
today,6
Canada,6
floor,6
soccer,6
snow,6
teenager,6
size,6
fact,6
chair,6
God,6
year,6
video,6
Asians,5
look,5
scientists,5
African,5
black,5
Ben,5
Lee,5
Juan,5
III,5
Jacob,5
janitor,5
William,5
George,5
landscaper,5
Jeff,5
Bob,5
Chen,5
Mexico,5
Andy,5
Jake,5
Julius,5
prisoner,5
professor,5
girls,5
York,5
good,5
sister,5
Martha,5
experience,5
fashion,5
member,5
coal,5
trans,5
Mrs.,5
Cynthia,5
Brad,5
Kim,5
Syndrome,5
immigrant,5
education,4
coworker,4
play,4
line,4
industry,4
tickets,4
dolls,4
mothers,4
speech,4
muscle,4
David,4
Jason,4
thugs,4
god,4
wallet,4
Timmy,4
labor,4
skill,4
nap,4
Micheal,4
Fred,4
politics,4
nonsense,4
cashier,4
customers,4
college,4
rain,4
villagers,4
culture,4
pizza,4
wings,4
positions,4
Laquisha,4
Kyle,4
couple,4
tip,4
computer,4
record,4
DeShawn,4
player,4
members,4
impact,4
golf,4
meal,4
matter,4
mans,4
lawn,4
Dan,4
clue,4
seniors,4
Sir,4
Vince,4
workout,4
plan,4
farm,4
policeman,4
Johnny,4
athlete,4
heritage,4
Adrin,4
hell,4
cigarettes,4
Phoebe,4
moment,4
fist,4
library,4
month,4
voice,4
murder,4
history,4
hood,4
thief,4
temper,4
point,4
robbery,4
races,4
pool,4
Shiloh,4
train,4
tracks,4
sports,4
grades,4
majority,4
bathroom,4
nurse,4
luck,4
alcoholics,4
ghettos,4
honor,4
purpose,4
electricity,4
response,4
smell,4
theater,4
farmer,4
sir,4
astronomy,4
tattoos,4
employee,4
streak,4
sheriff,4
Alan,4
color,4
roommate,4
military,4
test,4
players,4
fighter,4
animal,4
Scott,4
village,4
wood,4
post,4
Hunt,4
Kelsi,4
roots,4
tools,4
salon,4
businessman,4
hunting,4
plants,4
account,4
Anita,4
yard,4
cook,4
insurance,4
dive,4
storm,4
question,4
pair,4
center,4
pub,4
knowledge,4
king,4
Heather,4
loan,4
marathon,4
magazine,4
collar,4
show,4
situation,4
partners,4
intelligence,4
heat,4
decisions,4
officer,4
milk,4
will,4
ground,4
birthday,4
wine,4
soldiers,4
election,4
smile,4
feet,4
information,4
strangers,4
war,4
discovery,4
shooting,4
duel,4
bench,4
guard,4
spider,4
tractor,4
word,4
horror,4
cousin,4
story,4
leaders,4
authority,4
kitchen,4
Jones,4
captain,4
task,4
Jennifer,4
%,4
raise,4
boys,4
activities,4
Anse,4
difference,4
weapon,4
touch,4
tactics,4
band,4
cheesecake,4
Anna,4
Sally,4
pain,4
illness,4
Down,4
pencil,4
bird,4
damage,4
chef,4
siesta,4
Cazar,4
clubs,4
goal,4
fence,4
citizens,4
services,4
Terry,4
experiment,4
attention,4
market,4
languages,4
idiot,4
headline,4
goat,4
style,4
nose,4
bills,4
Christmas,4
secret,4
roommates,4
costumes,4
mystery,4
terrorists,4
gold,4
Saturday,4
attire,4
teenagers,4
knit,4
singer,3
Englishman,3
Lucy,3
Jeremy,3
Cathy,3
Chang,3
Joseph,3
Paul,3
Italian,3
evidence,3
homes,3
Terrance,3
Florida,3
Gypsy,3
Koreans,3
Brian,3
Olympic,3
Wu,3
treatment,3
Asian-Americans,3
Emily,3
Thomas,3
Shelly,3
Ebony,3
landlord,3
countryside,3
Mississippi,3
AIDS,3
welfare,3
thug,3
Liz,3
slaughter,3
fighting,3
bread,3
executive,3
trailer,3
owners,3
adult,3
Tammy,3
waiter,3
Camille,3
wealth,3
Jessica,3
register,3
stars,3
contract,3
hillbillies,3
glasses,3
House,3
Carrie,3
Eric,3
Megan,3
Shannon,3
Jamie,3
grandfather,3
Sara,3
guys,3
muscles,3
quarterback,3
Sharon,3
Naomi,3
Joyce,3
syndrome,3
autism,3
legs,3
health,3
alcoholic,3
Downs,3
citizen,3
Italians,3
mobster,3
illegals,3
Lesbians,3
homosexuals,3
heterosexuals,3
lesbian,3
buff,3
shape,3
height,3
anger,3
weight,3
surgery,3
mosque,3
muslims,3
Hindu,3
Atheist,3
granddaughter,3
Kids,3
rope,2
bite,2
Hispanics,2
lead,2
careers,2
sunburn,2
rats,2
narcs,2
Norse,2
handouts,2
Ravens,2
Laundry,2
School,2
tan,2
canvas,2
leather,2
cough,2
sharon,2
film,2
Jerry,2
concert,2
Ice,2
Skating,2
dismay,2
Ruby,2
F,2
science,2
term,2
credit,2
Daniel,2
Val,2
lawyers,2
change,2
gentry,2
theft,2
score,2
Smith,2
meetings,2
shadows,2
pole,2
barbershop,2
shoulder,2
escape,2
agriculture,2
screen,2
delivery,2
tacos,2
hoe,2
basket,2
notes,2
many,2
charges,2
Kurt,2
classmates,2
disagreements,2
superiors,2
Kia,2
ninja,2
night.,2
scenes,2
photo,2
picture,2
skin,2
Wang,2
pit,2
bulls,2
physique,2
beast,2
Kwame,2
droplets,2
Prescott,2
downtown,2
condo,2
Republican,2
voodoo,2
mumbo,2
Jumbo,2
well,2
brides,2
mistress,2
assignments,2
Terrell,2
Joanne,2
Cal,2
garden,2
cheetos,2
number,2
shoppe,2
Kirby,2
options,2
rooms,2
limits,2
zoo,2
Violence,2
diamonds,2
Eddie,2
heist,2
scene,2
Wright,2
housekeeper,2
roof,2
haircut,2
rhythm,2
grace,2
socializing,2
exam,2
hummus,2
chase,2
astronomer,2
galaxy,2
taxis,2
soldier,2
injury,2
axe,2
wielder,2
liars,2
activity,2
Mathew,2
Marcus,2
handout,2
foot,2
river,2
reigns,2
KKK,2
sob,2
aid,2
cart,2
grandparents,2
risk,2
gas,2
arts,2
hold,2
umbrella,2
interest,2
photography,2
killing,2
tanning,2
weeks,2
magician,2
convention,2
aggressiveness,2
strawberries,2
Europe,2
ocean,2
silence,2
cap,2
Mitchell,2
bicycles,2
criminals,2
darkness,2
hike,2
routine,2
cotton,2
cartel,2
principal,2
Ellen,2
dogfighting,2
subway,2
cloak,2
hat,2
savages,2
Caucasians,2
personalities,2
kiss,2
truth,2
Edward,2
marriage,2
toddlers,2
Vrenna,2
Nia,2
fervor,2
tourists,2
Kentuckian,2
fight,2
hometown,2
miles,2
Richard,2
winery,2
Napa,2
Valley,2
heirlooms,2
drawer,2
wages,2
suspicion,2
wad,2
cell,2
bathrooms,2
numbers,2
Census,2
rapists,2
population,2
Jen,2
belt,2
fridge,2
reason,2
Won,2
genetics,2
arson,2
alibi,2
Craig,2
opportunity,2
whims,2
circus,2
punishment,2
aspects,2
effort,2
land,2
vacation,2
dads,2
Betty,2
soul,2
cookouts,2
Lamar,2
Pokemon,2
Go,2
Pokeballs,2
cerveza,2
tequila,2
None,2
sherry,2
flavor,2
dough,2
Corey,2
instruments,2
clarinet,2
bat,2
profile,2
felon,2
minutes,2
discrimination,2
scams,2
Shaquille,2
Javier,2
beauty,2
gaming,2
systems,2
maintenance,2
responsibilities,2
elevator,2
penthouse,2
needle,2
insulin,2
restroom,2
swimmers,2
sides,2
Sean,2
fundraiser,2
gunshot,2
wound,2
Erik,2
sport,2
package,2
mountains,2
skiing,2
Roberta,2
crack,2
thunder,2
aspirations,2
aunt,2
birth,2
actors,2
medals,2
running,2
trades,2
calculator,2
regards,2
Dorothy,2
grocery,2
ventures,2
pitbulls,2
Quantum,2
Physics,2
Ally,2
confidence,2
singing,2
preaching,2
Brady,2
sucker,2
Sudeep,2
sedan,2
Marquis,2
jeans,2
hoodie,2
shirt,2
runner,2
burritos,2
source,2
backpack,2
workers.,2
Robert,2
society,2
San,2
chunk,2
tae,2
kwon,2
mule,2
shouting,2
slave,2
pork,2
gray,2
Rolex,2
watch,2
Cody,2
whole,2
boom,2
box,2
lawns,2
living,2
plantation,2
abyss,2
chopsticks,2
gorilla,2
lock,2
airplanes,2
reenactments,2
grays,2
sea,2
France,2
Intelligence,2
benefits,2
drawers,2
mansion,2
knitting,2
sewing,2
crocheting,2
palace,2
Seth,2
cloud,2
wing,2
tire,2
cop,2
South,2
Dylan,2
Boris,2
stores,2
Dawson,2
hockey,2
teams,2
Rachel,2
lack,2
responsibility,2
plotters,2
victim,2
message,2
CDs,2
air,2
sleep,2
bump,2
language,2
concerns,2
Lloyd,2
tissue,2
product,2
puzzle,2
recipient,2
Mathematics,2
scholarship,2
supremacist,2
Nothing,2
trip,2
Vegas,2
names,2
Lawrence,2
bikes,2
border,2
Grandma,2
dryer,2
repairman,2
menu,2
homicide,2
rate,2
middle,2
advice,2
arms,2
pregnancy,2
site,2
shillings,2
crowd,2
looters,2
trash,2
corner,2
Ethan,2
sympathies,2
hatred,2
skills,2
greed,2
Ramon,2
lips,2
tobacco,2
Dale,2
breeze,2
cooking,2
nephew,2
Xbox,2
massacre,2
weave,2
alley,2
diet,2
Brayden,2
homeless,2
Sidney,2
Slaves,2
excursions,2
aspiration,2
bracelet,2
Greuze,2
payment,2
Sammy,2
lots,2
sadness,2
areas,2
penalties,2
jacket,2
makeup,2
type,2
ambitions,2
neuroradiologist,2
Alfred,2
sympathy,2
thinking,2
opinion,2
Kentucky,2
Russ,2
laborer,2
donut,2
glass,2
arguing,2
yelling,2
programs,2
Dawn,2
desk,2
tasks,2
check,2
grounds,2
keeper,2
steak,2
shrimp,2
thrift,2
Lea,2
motel,2
Nell,2
steaks,2
flame,2
fencing,2
teammates,2
target,2
Gabriel,2
ends,2
lifetime,2
hope,2
diplomat,2
Michael,2
spill,2
atrocities,2
earnings,2
funeral,2
estate,2
tv,2
set,2
aspect,2
porch,2
unemployment,2
soap,2
Janet,2
dentist,2
core,2
pills,2
budget,2
buildings,2
apartments,2
Dollar,2
General,2
bedroom,2
roaches,2
weights,2
weather,2
raincoat,2
stability,2
cafeteria,2
taxi,2
Essex,2
trips,2
defdant,2
picnic,2
salesman,2
amusement,2
grandpa,2
ride,2
passengers,2
conditions,2
April,2
lottery,2
doctors,2
Doctors,2
streets,2
boots,2
travel,2
circle,2
mob,2
Laura,2
disarray,2
loser,2
CAD,2
engineers,2
Thanksgiving,2
dirtbike,2
Lifetime,2
crisis,2
astonishment,2
scientist,2
talking,2
cells,2
shareholders,2
Mattie,2
heels,2
Woman,2
combat,2
prostitutes,2
hips,2
ma'am,2
sergeant,2
general,2
cadets,2
manner,2
jet,2
leader,2
hunters,2
mood,2
lumber,2
ax,2
fell,2
swoop,2
fields,2
Thorn,2
ability,2
Avon,2
products,2
break,2
ice,2
cream,2
carton,2
draw,2
chest,2
romance,2
novels,2
pound,2
bodybuilder,2
object,2
being,2
Denny,2
grit,2
gallery,2
beard,2
grandmother,2
digger,2
goggles,2
stories,2
flashbacks,2
ditch,2
ranks,2
army,2
zumba,2
vegetables,2
finance,2
tea,2
basis,2
dating,2
website,2
stand,2
astrophysicist,2
Jimmy,2
news,2
doll,2
globetrotter,2
wind,2
desire,2
Andrew,2
salad,2
inspector,2
Burr,2
hole,2
issues,2
accident,2
nails,2
afternoon,2
mower,2
Hell,2
Week,2
agent,2
bugs,2
recommendation,2
contempt,2
nights,2
value,2
kids',2
artwork,2
bride,2
design,2
decore,2
landslide,2
situations,2
rides,2
corners,2
courthouse,2
pigs,2
shots,2
seats,2
requests,2
trophies,2
gravestone,2
survival,2
expert,2
camp,2
Brown,2
subordinate,2
dreams,2
plumbing,2
treasure,2
hunter,2
crew,2
shipwreck,2
Ryan,2
danger,2
process,2
heights,2
peddle,2
distress,2
Earl,2
Ronnie,2
software,2
outfit,2
leg,2
entrepreneur,2
Greg,2
insistence,2
creatures,2
trainers,2
deals,2
employer,2
candles,2
scars,2
reminder,2
obligations,2
move,2
detective,2
hostages,2
mugger,2
future.,2
handiwork,2
disappearance,2
smoothies,2
sort,2
Inglethorp,2
tie,2
success,2
Sue,2
briefcase,2
aim,2
spouse,2
fingers,2
keys,2
use,2
militia,2
bull,2
riding,2
event,2
cruise,2
jailer,2
supervisor,2
pay,2
Nostalgia,2
competition,2
airhead,2
Ritz,2
hysterics,2
fireman,2
carry,2
conference,2
womans,2
Kelly,2
competence,2
veteran,2
kills,2
Brenda,2
Sunday,2
duty,2
guest,2
shoe,2
ex,2
robbers,2
image,2
Lynn,2
bodies,2
charge,2
fights,2
bandidos,2
Apaches,2
security,2
guards,2
Jasmine,2
ashley,2
coworkers,2
groom,2
bottle,2
chardonnay,2
thumb,2
Candice,2
joys,2
gardening,2
conclusions,2
barber,2
Kenny,2
pocket,2
hotel,2
livestock,2
nerd,2
coding,2
Beth,2
attack,2
wheelchair,2
gravel,2
report,2
schizophrenia,2
pyromaniac,2
instruction,2
disability,2
parlor,2
addle,2
edge,2
seat,2
helicopter,2
raisin,2
chocolate,2
chip,2
comrade,2
seconds,2
concept,2
phobias,2
sheets,2
salesperson,2
appetite,2
butterflies,2
beggars,2
coach,2
signals,2
sideline,2
Fowler,2
alarm,2
birds,2
incompetance,2
mistake,2
Louis,2
alligators,2
crook,2
wild,2
visitors,2
Meth,2
King,2
embarrassment,2
ADHD,2
Steven,2
Yolanda,2
England,2
10am,2
abandon,2
canyons,2
caddy,2
Immigrants,2
helmet,2
Carla,2
realtor,2
Kariem,2
scam,2
prince,2
Eskimo,2
workday,2
Middle,2
rules,2
railroads,2
A'deem,2
scent,2
spaghetti,2
tow,2
truck,2
temperatures,2
climate,2
townspeople,2
sight,2
wire,2
China,2
Joxer,2
idea.,2
Dave,2
goalie,2
section,2
warriors,2
trees,2
factory,2
mobsters,2
disappointment,2
insensitivity,2
Nobody,2
DA,2
Candy,2
Benjamin,2
platform,2
investigation,2
UnAmerican,2
Activities,2
Mondays,2
drinking,2
surprise,2
Morgan,2
fruition,2
spies,2
guinea,2
pig,2
mate,2
quality,2
steel,2
bombing,2
Miguel,2
naps,2
Hanson,2
phones,2
plate,2
pasta,2
boat,2
gestures,2
pier,2
toxin,2
hits,2
enemies,2
carpets,2
consonants,2
Will,2
rims,2
corruption,2
gradebook,2
fastball,2
houses,2
noon,2
breath,2
dealers,2
pleading,2
interaction,2
access,2
troubles,2
parade,2
Nema,2
billy,2
handler,2
Patricia,2
ordeal,2
reservation,2
descent,2
flag,2
happiness,2
Rennies,2
contractors,2
Zoey,2
nail,2
artist,2
siestas,2
bucks,2
crow,2
pockets.,2
means,2
dictators,2
start,2
Katie,2
contest,2
plights,2
cowboy,2
Hitler,2
bosses,2
adventure,2
yesterday,2
manager,2
locks,2
Soren,2
empowerment,2
driveway,2
hoodoo,2
Oracle,2
noise,2
thanks,2
heaven,2
door.,2
supermarkets,2
Kolton,2
exorcist,2
orchards,2
radar,2
stop,2
gentlemen,2
doctorate,2
program,2
nursing,2
Flora,2
Bride,2
tradition,2
perverts,2
nieces,2
nephews,2
heads,2
Rocco,2
parades,2
dark,2
teddy,2
bears,2
Reagan,2
pass,2
wrist,2
gay,2
Aaron,2
thoughts,2
upbringing,2
plumber,2
airport,2
Danny,2
gays,2
ca'daan,2
jon,2
aids,2
outfits,2
appearances,2
Raymond,2
beachgoers,2
guitar,2
metal,2
songs,2
Tina,2
tomboy,2
wagons,2
refinement,2
sophistication,2
awe,2
symptoms,2
dance,2
Miami,2
pictures,2
parties,2
diary,2
mission,2
trail,2
return,2
results,2
etero,2
beards,2
AIDs,2
ceremony,2
std,2
Nina,2
Jed,2
proposal,2
RitA,2
RitO,2
rights,2
copy,2
postman,2
smiths,2
minute,2
items,2
Angie,2
Janice,2
Tricia,2
bathing,2
cookies,2
customer,2
Jamel,2
pot,2
dozen,2
donuts,2
derriere,2
pants,2
prankster,2
Benny,2
slob,2
shelves,2
shopkeeper,2
lifeguard,2
day.,2
Gus,2
acorn,2
branch,2
rival,2
skateboard,2
earth,2
snacks,2
gym,2
trainer,2
buffet,2
hayride,2
mailman,2
mail,2
elation,2
Tessa,2
bars,2
everybody,2
waves,2
despair,2
christians,2
Mohammad,2
followers,2
wait,2
AK47,2
suicide,2
bomber,2
films,2
patients,2
Catholics,2
Mr,2
Carter,2
U.S.,2
Ned,2
attacks,2
bag,2
Tasha,2
love,2
Hollywood,2
religion,2
disdain,2
Coffee,2
Baptist,2
signs,2
Cindy,2
noses,2
guide,2
coupons,2
joke,2
bees,2
removal,2
service,2
audience,2
kosher,2
bible,2
judgments,2
beef,2
Bible,2
banks,2
coins,2
nostrils,2
entrance,2
pile,2
dollar,2
donations,2
charity,2
piggy,2
Eiffel,2
tower,2
documents,2
period,2
dogs,2
destruction,2
environment,2
Elephants,2
Cows,2
Vishas,2
marie,2
priest,2
Perth,2
Groups,2
prophecy,2
stone,2
suffering,2
patrol,2
turban,2
terrorist,2
Clients,2
cowards,2
handles,2
Rennie,2
Cole,2
hostel,2
hexes,2
kenny,2
Joan,2
motives,2
tests,2
Anybody,2
Taylor,2
Dance,2
Marathon,2
Teenagers,2
playground,2
Kacey,2
mix,2
Simon,2
Nick,2
donation,2
pirate,2
grader,2
Adults,2
faith,2
range,2
gum,2
adults,2
difficulties,2
Grace,2
marathons,2
Fena,2
Dim,2
hag,2
bowels,2
retirement,2
urine,2
accent,2
coco,2
Bingo,2
ethic,2
spy,2
email,2
star,2
playoffs,2
punch,2
Charles,2
stomach,2
speed,2
sweaters,2
scarf,2
socks,2
public,2
foolishness.,2
smoke,2
cauldron,2
hags,2
promotion,2
toddler,2
Abigail,2
compliments,2
Children,2
Erica,2
headboard,2
designer,2
Internet,2
Winnie,2
Pooh,2
television,2
spending,2
lake,2
napping,2
criminal,2
eaters,2
layabouts,2
resistance,2
instructor,2
radio,2
assistance,2
workforce,2
ideals,2
left,2
agony,2
technology.,2
rapper,1
Lily,1
Black,1
Beyonce,1
Brent,1
employees,1
Chong,1
Ling,1
Treyvone,1
Jaleel,1
Tyler,1
Ragesh,1
Ronald,1
Chan,1
Yang,1
Williams,1
Jafari,1
Amhad,1
Lance,1
sitter,1
Manuel,1
Li,1
Patrick,1
Garcia,1
Johnson,1
Lang,1
Raja,1
Phillips,1
Winston,1
Hunter,1
D'quan,1
Biff,1
Charlie,1
Ming,1
Jacques,1
Sherry,1
Tarnisha,1
homeowner,1
Leonard,1
Amy,1
Afro,1
james,1
Martinez,1
O'Keefe,1
Tanisha,1
pickpocketing,1
Edith,1
Marianne,1
BIll,1
Spence,1
Anglo,1
Meghan,1
Stephen,1
Diamond,1
Claire,1
Davis,1
Minority,1
Puerto,1
Ricans,1
whibte,1
DeAndre,1
Tyresse,1
shack,1
Trevon,1
Feng,1
Chin,1
Pang,1
Jackson,1
Henderson,1
chinks,1
Connor,1
Joey,1
Donald,1
Ramirez,1
Dustin,1
Barbara,1
Minorities,1
Zack,1
Lebron,1
Lou,1
Germans,1
LaShawnda,1
Eugene,1
butler,1
Anne,1
LeShawn,1
Wee,1
Becky,1
Bai,1
Wong,1
Shevon,1
Brittany,1
Rajeev,1
Malcolm,1
Johnathan,1
Native,1
Malik,1
Jacqui,1
prostitute,1
model,1
cross,1
hostess,1
clown,1
suburbs,1
yacht,1
suburb,1
Monique,1
babysitter,1
actor,1
Russia,1
nurses,1
bootleggers,1
fisherman,1
accountant,1
Bel,1
Air,1
Homeowners,1
Tent,1
dwellers,1
meet,1
begger,1
bowman,1
queen,1
mobster.,1
brat.,1
motorcycle,1
Muhammad,1
secretary,1
mafia,1
Astronomers,1
Rock,1
parks,1
mansions,1
co-owner,1
bougie,1
surgeon,1
mechanic,1
janitors,1
collector,1
convict,1
offender,1
cleric,1
pastor,1
gambler,1
thousands,1
mines.,1
offices.,1
celebrity,1
Vets,1
vets,1
ranchers,1
billionaires,1
garbage,1
parent,1
celebrities,1
project,1
Melissa,1
Cheryl,1
Alex,1
burglars,1
Alexander,1
gender,1
counseling,1
Shane,1
Lena,1
Harold,1
Greta,1
Jill,1
Grandpa,1
Silas,1
Aunt,1
Celia,1
consciousness,1
Jenna,1
Guys,1
gamers,1
shorts,1
Carol,1
Jeffrey,1
Veronica,1
Samantha,1
Stewart,1
cisfemale,1
Ed,1
Charlene,1
Wesley,1
Katherine,1
spearwoman,1
spearman,1
Kassidy,1
Mack,1
Shawn,1
Marty,1
uncle,1
Monica,1
Juliette,1
bikini,1
trunks,1
moms,1
Martin,1
Molly,1
Kathy,1
Girls,1
Boys,1
Transgender,1
Cisgender,1
Wendy,1
Shelby,1
Titanic,1
Kassandra,1
Kristy,1
Precious,1
Maya,1
Candace,1
Paula,1
Priya,1
Austin,1
Laquan,1
Missy,1
Maggie,1
butcher,1
Lara,1
Lars,1
wheelbarrow,1
dyslexia,1
handwriting,1
disorder,1
enhancement,1
retards,1
Athletes,1
limbs,1
genius,1
fool,1
agoraphobia,1
kindness,1
retard,1
cold,1
palsy,1
drug,1
addict,1
IQ,1
Iraq,1
Africa,1
Yorker,1
foreigners,1
Scandanavian,1
MIT,1
borns,1
Polish,1
Jorge,1
Olga,1
Floridian,1
Italy,1
Francisco,1
Greeks,1
East,1
perfumes,1
perfume,1
Italian.,1
lawyer.,1
Mexians,1
Irish,1
refugee,1
Sheng,1
sniper,1
mexicans,1
americans,1
Europeans,1
Saudi,1
Arabia,1
Australia,1
Sergey,1
India,1
Japanese,1
Irishman,1
Dutchman,1
Navy,1
gypsy,1
non-immigrants,1
Syria,1
Yakuza,1
CIA,1
Carlos,1
PÃ©rez,1
Bradford,1
Worthington,1
aliens,1
gourmet,1
Kenya,1
veterans,1
Roma,1
Swede,1
Colombia,1
Colorado,1
Japan,1
Joo-Lin,1
Aisha,1
imigrants,1
California,1
NY,1
Thai,1
Californians,1
Texans,1
Russian,1
Arab,1
Englishwoman,1
Easterners,1
iraq,1
USA,1
rAmericans,1
Greek,1
Norwegian,1
brat,1
Maria,1
Carly,1
lesbians,1
Lesbian,1
uncles,1
aunts,1
Gay,1
Pride,1
Fabioloa,1
Hetrosexuals,1
hairdresser,1
Judy,1
straights,1
privacy,1
Hetrosexual,1
ladies,1
Butches,1
Harley-Davidsons,1
Harley,1
Davidsons,1
blonde,1
brunette,1
vegan,1
fatties,1
administrator,1
hunchback,1
quake,1
stuck,1
attitude,1
Jesus,1
atheists,1
atheist,1
shrine,1
Catholic,1
wiccan,1
Episcopalians,1
Tisha,1
B'Av,1
Baptists,1
Torah,1
temple,1
Atheists,1
Pentacostal,1
Mormons,1
Navajo,1
scarfs,1
caps,1
methodist,1
christian,1
muslim,1
Wiccan,1
Quran,1
Satanists,1
Protestants,1
babies,1
waterpark,1
waste,1
kindergartener,1
millenial,1
Minors,1
thirties,1
80s,1
40s.,1
College,1
cougars,1
twenty-year-olds,1
millenials,1
man.,1
athlete.,1
