The African  ,Africa
The Egyptian  ,Africa
The Ethiopian  ,Africa
The Ghanaian  ,Africa
The Kenyan  ,Africa
The Lebanese  ,Africa
The Moroccan  ,Africa
The Nigerian  ,Africa
The South African  ,Africa
The Sudanese  ,Africa
The Arabian  ,Arab
The Iranian  ,Arab
The Iraqi  ,Arab
The Jordanian  ,Arab
The Omani  ,Arab
The Qatari  ,Arab
The Saudi Arabian  ,Arab
The Syrian  ,Arab
The Turkish  ,Arab
The Yemeni  ,Arab
The Afgahn  ,Asia
The Chinese  ,Asia
The Indian  ,Asia
The Indonesian  ,Asia
The Japanese  ,Asia
The Korean  ,Asia
The Nepali  ,Asia
The Pakistani  ,Asia
The Taiwanese  ,Asia
The Vietnamese  ,Asia
The British  ,EUSA
The Dutch  ,EUSA
The European  ,EUSA
The French  ,EUSA
The German  ,EUSA
The Spanish  ,EUSA
The Italian  ,EUSA
The Norweigan  ,EUSA
The American,EUSA
The Canadian,EUSA
The Bolivian  ,SAmerica
The Brazilian  ,SAmerica
The Chilean  ,SAmerica
The Columbian  ,SAmerica
The Ecuadorian  ,SAmerica
The Guatemalan  ,SAmerica
The Mexican  ,SAmerica
The Peruvian  ,SAmerica
The Argentian   ,SAmerica
The Venezuelan  ,SAmerica