The African person,Africa
The Egyptian person,Africa
The Ethiopian person,Africa
The Ghanaian person,Africa
The Kenyan person,Africa
The Lebanese person,Africa
The Moroccan person,Africa
The Nigerian person,Africa
The South African person,Africa
The Sudanese person,Africa
The Arabian person,Arab
The Iranian person,Arab
The Iraqi person,Arab
The Jordanian person,Arab
The Omani person,Arab
The Qatari person,Arab
The Saudi Arabian person,Arab
The Syrian person,Arab
The Turkish person,Arab
The Yemeni person,Arab
The Afgahn person,Asia
The Chinese person,Asia
The Indian person,Asia
The Indonesian person,Asia
The Japanese person,Asia
The Korean person,Asia
The Nepali person,Asia
The Pakistani person,Asia
The Taiwanese person,Asia
The Vietnamese person,Asia
The British person,Europe
The Dutch person,Europe
The European person,Europe
The French person,Europe
The German person,Europe
The Irish person,Europe
The Italian person,Europe
The Norweigan person,Europe
The Russian person,Europe
The Spanish person,Europe
The Bolivian person,SAmerica
The Brazilian person,SAmerica
The Chilean person,SAmerica
The Columbian person,SAmerica
The Ecuadorian person,SAmerica
The Guatemalan person,SAmerica
The Mexican person,SAmerica
The Peruvian person,SAmerica
The Argentian person ,SAmerica
The Venezuelan person,SAmerica